Tom Brady,NE,QB,20.59198537,18.7562,22.59802586,1
Dak Prescott,DAL,QB,19.37902035,16.82600297,20.31729582,2
Alex Smith,KC,QB,18.1244197,15.0204,19.95164908,3
Matt Ryan,ATL,QB,18.05214403,16.3,18.94856502,4
Drew Brees,NO,QB,17.45015424,15.768,18.98950369,5
Kirk Cousins,WAS,QB,17.13328854,14.90331649,19.14473879,6
Ezekiel Elliott,DAL,RB,16.89625598,15.09,18.11752122,1
Russell Wilson,SEA,QB,16.8412155,13.11,19.01143054,7
LeVeon Bell,PIT,RB,16.6863221,15.663,17.54139557,2
Kareem Hunt,KC,RB,16.67779491,15.641,17.58422954,3
Tyrod Taylor,BUF,QB,16.49537111,15.93466568,16.89357262,8
Cam Newton,CAR,QB,16.23534736,14.34333432,17.45196844,9
Carson Wentz,PHI,QB,16.18081172,14.3194,16.85688267,10
LeSean McCoy,BUF,RB,15.85379349,13.92,17.87507608,4
Marcus Mariota,TEN,QB,15.78248747,15.15066865,16.26862331,11
Todd Gurley,LAR,RB,15.75014815,14.81933135,16.77620085,5
Jameis Winston,TB,QB,15.0562835,14.31,15.92546332,12
Leonard Fournette,JAC,RB,14.96484584,13.628,16.21510324,6
Carson Palmer,ARI,QB,14.54936256,13.02,15.55313599,13
Ben Roethlisberger,PIT,QB,13.93576322,11.94,15.43325441,14
Melvin Gordon,LAC,RB,13.90611882,11.66265973,16.24647237,7
Jordan Howard,CHI,RB,13.87021803,11.65600297,15.43011614,8
Mark Ingram,NO,RB,13.66215183,11.39,14.86300932,9
Antonio Brown,PIT,WR,13.52580652,11.1913373,15.39669698,1
Derek Carr,OAK,QB,13.49835583,11.3,14.82557951,15
Devonta Freeman,ATL,RB,13.46601303,12.31,14.43293931,10
Blake Bortles,JAC,QB,13.27629124,11.7,14.06175291,16
Trevor Siemian,DEN,QB,12.94309109,11.72,14.21910026,17
Julio Jones,ATL,WR,12.88731992,10.718,14.47258088,2
Jay Ajayi,MIA,RB,12.79696198,10.35,14.29558168,11
Titans,TEN,DST,12.76945022,6.96,13.02487791,1
Josh McCown,NYJ,QB,12.68051187,10.6528,14.7470238,18
Jaguars,JAC,DST,12.46894502,9.3,11.12951368,2
Jared Goff,LAR,QB,12.33413584,10.68,13.41001532,19
Philip Rivers,LAC,QB,12.18426596,10.42,13.76205267,20
Vikings,MIN,DST,11.89338782,11.05,12.37719477,3
Andy Dalton,CIN,QB,11.88475191,11.26,12.481346,21
Panthers,CAR,DST,11.78893016,11.15,12.15545058,4
Jacoby Brissett,IND,QB,11.77847364,11.095,12.38501834,22
C.J. Beathard,SF,QB,11.77263078,10.74933432,12.54504106,23
Saints,NO,DST,11.76491828,11.31,12.02588081,5
Case Keenum,MIN,QB,11.63120536,10.18,12.64377343,24
Carlos Hyde,SF,RB,11.62090036,10.19,13.11372316,12
Dolphins,MIA,DST,11.58138187,6.83,11.22985174,6
A.J. Green,CIN,WR,11.57929455,9.31,13.53872317,3
Steelers,PIT,DST,11.47426449,6.82,11.06702326,7
Jerick McKinnon,MIN,RB,11.41374112,7.56,14.09938471,13
Cowboys,DAL,DST,11.33112927,11.05,11.49239826,8
Brett Hundley,GB,QB,11.28022216,8.46,12.62236596,25
Rob Gronkowski,NE,TE,11.23852071,10.263,12.22319292,1
Mitchell Trubisky,CHI,QB,11.13827074,10.00132244,12.07723068,26
C.J. Anderson,DEN,RB,11.08668668,8.39,13.31180288,14
Bills,BUF,DST,11.06937593,6.41,10.66506686,9
Eli Manning,NYG,QB,11.06663642,9.134665676,12.87860279,27
Mike Evans,TB,WR,11.05191659,9.6,12.80105846,4
Ravens,BAL,DST,11.0253789,6.32,10.6474593,10
Broncos,DEN,DST,11.00359584,6.38,10.57876163,11
Seahawks,SEA,DST,10.9333581,10.55,11.15327035,12
Derrick Henry,TEN,RB,10.91210065,9.23,12.73847203,15
Dez Bryant,DAL,WR,10.90767422,9.492,12.27136178,5
Michael Thomas,NO,WR,10.72266822,8.184,13.07825445,6
DeShone Kizer,CLE,QB,10.71810732,5.58,13.42448988,28
Frank Gore,IND,RB,10.64931238,8.91,12.35424374,16
Marshawn Lynch,OAK,RB,10.64163888,8.21,12.13708256,17
Giants,NYG,DST,10.60668648,6.3,10.00005814,13
LeGarrette Blount,PHI,RB,10.49198769,7.19,12.39926385,18
Michael Crabtree,OAK,WR,10.48203266,8.196002972,12.67013487,7
Alvin Kamara,NO,RB,10.38462607,8.758,12.28452396,19
Demaryius Thomas,DEN,WR,10.36013597,8.394650817,12.35033874,8
Larry Fitzgerald,ARI,WR,10.24845842,8.359316493,11.6456579,9
Zach Ertz,PHI,TE,10.12685959,8.23,11.76782068,2
Brandin Cooks,NE,WR,10.10498704,8.446002972,11.92561482,10
Doug Baldwin,SEA,WR,10.02866988,8.02,12.15956416,11
Jets,NYJ,DST,9.89640416,9.3,10.27043769,14
Alshon Jeffery,PHI,WR,9.881126071,7.685,12.19054123,12
Tyreek Hill,KC,WR,9.871200067,8.268,11.70836482,13
Travis Kelce,KC,TE,9.868738661,8.003,11.81235208,3
Jarvis Landry,MIA,WR,9.718681611,8.011337296,11.89757692,14
Javorius Allen,BAL,RB,9.681998044,7.524665676,12.02183737,20
Jay Cutler,MIA,QB,9.659808687,6.689331352,11.68169859,29
Wil Lutz,NO,K,9.621723164,7.17,10.89442216,1
Stephen Gostkowski,NE,K,9.497672133,8.42,10.2425035,2
Graham Gano,CAR,K,9.411352311,6.96,11.10220386,3
Adrian Peterson,ARI,RB,9.401545821,6.354650817,11.12439271,21
Isaiah Crowell,CLE,RB,9.335578566,6.79,10.8986876,22
Doug Martin,TB,RB,9.286916501,6.591991085,10.5520462,23
Pierre Garcon,SF,WR,9.252745912,6.69,11.89247735,15
Chris Thompson,WAS,RB,9.240795001,7.133997028,11.0137807,24
Rishard Matthews,TEN,WR,9.184505868,7.5285,10.91092817,16
Joe Flacco,BAL,QB,9.161493492,8.25,9.815867118,30
Jake Elliott,PHI,K,8.938100986,7.08,9.925046349,4
Harrison Butker,KC,K,8.913951996,7.99,9.419011214,5
Aaron Jones,GB,RB,8.733463865,7.253,10.33133753,25
Kelvin Benjamin,CAR,WR,8.71148289,0,10.78456992,17
Ryan Succop,TEN,K,8.53758297,7.635185185,9.21933405,6
Justin Tucker,BAL,K,8.530726261,6.493288591,10.51361697,7
John Brown,ARI,WR,8.518419699,5.921,10.66757682,18
Joe Mixon,CIN,RB,8.489511948,7.72,9.010345289,26
Adam Thielen,MIN,WR,8.419445893,7.296650817,9.038570349,19
Devin Funchess,CAR,WR,8.320317237,6.686002972,10.24145202,20
Jordy Nelson,GB,WR,8.2557068,6.822659733,9.421887365,21
Matt Bryant,ATL,K,8.212227949,7.47,8.555561336,8
Marqise Lee,JAC,WR,8.175716947,5.765,10.69687236,22
Randall Cobb,GB,WR,8.155828461,5.712,10.77694176,23
Dan Bailey,DAL,K,8.112123297,7.317880795,8.763304867,9
T.Y. Hilton,IND,WR,8.080012883,6.307994056,9.660409726,24
Rams,LAC,DST,8.067652303,6.57,12.14421802,15
Brandon McManus,DEN,K,8.048089117,7.35,8.456615808,10
Chargers,LAR,DST,8.029836553,7.12,8.551761628,16
Christian McCaffrey,CAR,RB,8.007657184,5.942644874,8.988688372,27
Evan Engram,NYG,TE,7.968871545,6.073,10.33626511,4
Robby Anderson,NYJ,WR,7.939263652,5.527,10.61238817,25
Kyle Rudolph,MIN,TE,7.923349098,6.256002972,9.563665213,5
Blair Walsh,SEA,K,7.816589765,6.415540541,8.92283905,11
Tevin Coleman,ATL,RB,7.703811439,6.229331352,8.413310057,28
Cameron Brate,TB,TE,7.680505506,5.706002972,9.690145952,6
Phil Dawson,ARI,K,7.578340964,6.847619048,8.217696552,12
Cody Parkey,MIA,K,7.573037389,5.768,8.918476693,13
Chris Hogan,NE,WR,7.540062711,5.192502972,8.878305828,26
Mason Crosby,GB,K,7.524925312,6.148214286,8.331500188,14
Patrick Murray,TB,K,7.499825729,6.63877551,8.18670795,15
Hunter Henry,LAC,TE,7.486031428,4.921,10.21623662,7
Robert Woods,LAR,WR,7.47130709,4.904,9.952301661,27
Giorgio Tavecchio,OAK,K,7.417880228,6.19,8.194670185,16
Josh Lambo,JAC,K,7.386323418,6.291925466,8.171884949,17
Robbie Gould,SF,K,7.355640051,6.4,8.16119254,18
Jonathan Stewart,CAR,RB,7.355005275,5.081322437,8.850019615,29
Steven Hauschka,BUF,K,7.301901141,6.290322581,8.040442611,19
Ty Montgomery,GB,RB,7.300309629,4.249331352,9.119631489,30
Jason Witten,DAL,TE,7.298814175,5.263982169,9.465208455,8
Nick Rose,WAS,K,7.28934173,6.55,8.016029024,20
Greg Zuerlein,LAR,K,7.273608869,6.31292517,8.18153607,21
Bilal Powell,NYJ,RB,7.273585851,6.72,7.625149247,31
Austin Seferian-Jenkins,NYJ,TE,7.24193923,5.34,9.224111196,9
Chris Boswell,PIT,K,7.213711076,6.287581699,7.840994528,22
James White,NE,RB,7.207307597,5.19,9.335901235,32
Orleans Darkwa,NYG,RB,7.123748441,6.01,8.301196534,33
Connor Barth,CHI,K,7.049916022,5.92,8.003452478,23
Jimmy Graham,SEA,TE,7.022789565,5.22,8.731473166,10
DeSean Jackson,TB,WR,6.971703913,4.996002972,8.304356567,28
Adam Vinatieri,IND,K,6.955094789,6.338028169,7.604331477,24
Kai Forbath,MIN,K,6.919237911,6.294478528,7.439163257,25
Randy Bullock,CIN,K,6.901131592,5.365217391,8.034482505,26
Bears,CHI,DST,6.892020802,6.57,7.076747093,17
Chiefs,KC,DST,6.796047548,6.06,7.21827907,18
Keenan Allen,LAC,WR,6.638634896,4.807994056,8.226746137,29
Nick Novak,LAC,K,6.606589239,6.281879195,6.839386999,27
JuJu Smith-Schuster,PIT,WR,6.55099392,4.686002972,8.735922469,30
Eagles,PHI,DST,6.537384844,5.74,10.21224419,19
Chandler Catanzaro,NYJ,K,6.494452366,6.319444444,6.689233367,28
Allen Hurns,JAC,WR,6.456369373,4.476002972,7.690887791,31
Marlon Mack,IND,RB,6.448220779,5.263997028,7.186405167,34
Davante Adams,GB,WR,6.408894355,3.980002972,7.793295168,32
Jack Doyle,IND,TE,6.389300563,3.959316493,8.658117528,11
Mike Gillislee,NE,RB,6.366689995,3.610653789,7.911364159,35
Matt Forte,NYJ,RB,6.328229468,4.963997028,7.082034954,36
Terrelle Pryor,WAS,WR,6.301551849,5.046002972,7.375839849,33
Rob Kelley,WAS,RB,6.281211149,4.229331352,7.573017493,37
Redskins,WAS,DST,6.269806835,5.82,6.527837209,20
Duke Johnson,CLE,RB,6.24251665,5.29332838,6.991728113,38
Kenny Stills,MIA,WR,6.223878424,5.666002972,6.669053488,34
Buccaneers,TB,DST,6.202228826,6.1,6.260872093,21
Patriots,NE,DST,6.182674591,6.06,6.253046512,22
Cardinals,ARI,DST,6.180950966,5.22,6.732197674,23
Sterling Shepard,NYG,WR,6.179104348,4.795002972,7.095528472,35
Tarik Cohen,CHI,RB,6.171857763,5.772644874,6.516461337,39
Browns,CLE,DST,6.160029718,5.7,6.423924419,24
Falcons,ATL,DST,6.150178306,5.5,6.55793617,25
Eric Decker,TEN,WR,6.137956629,4.956002972,6.833999392,36
Cooper Kupp,LAR,WR,6.134422233,5.493,6.588496285,37
Colts,IND,DST,6.070237741,5.83,6.208049419,26
Chris Ivory,JAC,RB,6.061663419,6.019,6.09244976,40
Amari Cooper,OAK,WR,6.034221292,4.646,7.102479688,38
Mohamed Sanu,ATL,WR,6.024876614,4.621502972,6.781234551,39
Raiders,OAK,DST,5.996909361,5.68,6.178703488,27
Danny Amendola,NE,WR,5.976982179,5.704,6.114766392,40
Ted Ginn,NO,WR,5.953274867,4.907159733,7.147291945,41
Jordan Reed,WAS,TE,5.900458429,3.822659733,7.044008337,12
Jermaine Kearse,NYJ,WR,5.853275455,5.470668648,6.133701571,42
Donte Moncrief,IND,WR,5.826194862,4.646002972,6.857992733,43
Sammy Watkins,LAR,WR,5.809528316,2.977502972,7.30670076,44
Bengals,CIN,DST,5.796478455,5.27,6.098491279,28
DeMarco Murray,TEN,RB,5.792613455,4.117,6.843822146,41
Latavius Murray,MIN,RB,5.770942936,4.278662704,7.269831946,42
Aldrick Rosas,NYG,K,5.746292776,5.304054054,6.203020619,29
Packers,GB,DST,5.704026746,5.29,5.941531977,29
Martavis Bryant,PIT,WR,5.676643088,3.783002972,6.911517661,45
Nelson Agholor,PHI,WR,5.631518178,3.130502972,7.247555959,46
Delanie Walker,TEN,TE,5.627719844,4.028002972,6.499875888,13
Taylor Gabriel,ATL,WR,5.522024333,3.621502972,6.518653223,47
Dion Lewis,NE,RB,5.508133886,4.373997028,6.53801003,43
Thomas Rawls,SEA,RB,5.502089498,4.229331352,6.58794699,44
49ers,SF,DST,5.487994056,5.4,5.543179331,30
Alex Collins,BAL,RB,5.482809021,3.774635958,6.554167187,45
Jeremy Maclin,BAL,WR,5.454309488,4.990668648,6.008780076,48
Tyler Lockett,SEA,WR,5.430504712,4.8915,5.909426294,49
Jaron Brown,ARI,WR,5.243670604,4.116002972,5.69885076,50
Austin Hooper,ATL,TE,5.201355469,3.499168648,6.575292123,14
Bennie Fowler,DEN,WR,5.198746128,4.665,5.476471079,51
Jordan Matthews,BUF,WR,5.155430415,3.990668648,5.973099225,52
Jared Cook,OAK,TE,5.136757488,2.822659733,6.663420088,15
Matt Breida,SF,RB,5.077480231,4.35,5.50259848,46
Tyrell Williams,LAC,WR,5.066879129,3.32,6.015042577,53
Cole Beasley,DAL,WR,5.06616807,3.956002972,5.746134302,54
Paul Richardson,SEA,WR,5.045463508,2.976002972,6.256229483,55
Giovani Bernard,CIN,RB,4.924631492,4.057,5.444428224,47
Torrey Smith,PHI,WR,4.774458293,4.004168648,5.596422477,56
Willie Snead,NO,WR,4.772681094,2.305159733,5.806678924,57
Zach Miller,CHI,TE,4.76827473,4.470668648,4.987670653,16
Marquise Goodwin,SF,WR,4.763543014,3.568168648,5.615473997,58
Terrance Williams,DAL,WR,4.756750473,2.990668648,5.734800408,59
Albert Wilson,KC,WR,4.75277743,4.505,4.87515581,60
Kendall Wright,CHI,WR,4.73854048,3.970668648,5.312255623,61
Mike Tolbert,BUF,RB,4.711075881,3.384,5.315034823,48
Ed Dickson,CAR,TE,4.666199423,3.970668648,5.370277152,17
Wendell Smallwood,PHI,RB,4.591255969,3.27332838,6.16549662,49
Zane Gonzalez,CLE,K,4.578222794,3,6.018533646,30
George Kittle,SF,TE,4.566583414,4.173,4.827817942,18
Mike Wallace,BAL,WR,4.540550617,3.056668648,5.599449073,62
Adam Humphries,TB,WR,4.531210222,3.93,5.020721884,63
Jamaal Charles,DEN,RB,4.408981727,4.001307578,4.628541279,50
Wayne Gallman,NYG,RB,4.387682979,3.73,4.859942308,51
Jeremy Kerley,NYJ,WR,4.370935629,3.456002972,5.251307599,64
Benjamin Watson,BAL,TE,4.331701233,4.070668648,4.577045411,19
Tyler Kroft,CIN,TE,4.253578858,3.531,4.589977733,20
Ricardo Louis,CLE,WR,4.222182552,2.161,5.469112059,65
Roger Lewis,NYG,WR,4.207280523,3.326,5.292946337,66
Taywan Taylor,TEN,WR,4.148665173,2.813502972,4.878109878,67
Brandon LaFell,CIN,WR,4.127400002,2.970668648,5.073957265,68
Jamison Crowder,WAS,WR,4.0881293,3.107473254,5.04714284,69
Kenny Britt,CLE,WR,4.059741783,3.12,4.9849676,70
J.J. Nelson,ARI,WR,4.057338433,2.851,5.282295749,71
Martellus Bennett,GB,TE,4.055765679,3.490668648,4.408224826,21
Eddie Lacy,SEA,RB,4.002783556,2.529,4.766854261,52
Jalen Richard,OAK,RB,3.971321139,2.77332838,5.035850456,53
Jesse James,PIT,TE,3.90975699,3.490668648,4.287062036,22
Nick OLeary,BUF,TE,3.897124115,2.405,4.589309985,23
Vernon Davis,WAS,TE,3.862781082,3.008647845,4.386570349,24
Marcedes Lewis,JAC,TE,3.850404563,2.005334324,4.876818809,25
Zay Jones,BUF,WR,3.821536281,2.468502972,4.454532575,72
Seth Roberts,OAK,WR,3.766027808,2.490668648,4.468363081,73
Ryan Grant,WAS,WR,3.762628728,3.156,4.265905734,74
Curtis Samuel,CAR,WR,3.714244489,1.296002972,4.935047416,75
A.J. Derby,DEN,TE,3.704326133,2.817325409,4.661196625,26
Laquon Treadwell,MIN,WR,3.699840987,3.471,3.942411079,76
Josh Doctson,WAS,WR,3.622492181,1.867,5.063525204,77
Andre Holmes,BUF,WR,3.61037125,3.175334324,3.939019186,78
Coby Fleener,NO,TE,3.585014266,2.562,4.424112413,27
Rex Burkhead,NE,RB,3.518261516,0,3.753377907,54
Michael Floyd,MIN,WR,3.515805085,0,3.760130699,79
Julius Thomas,MIA,TE,3.508392037,2.470668648,4.362556367,28
Travis Benjamin,LAC,WR,3.439953577,2.354825409,4.405678842,80
Devontae Booker,DEN,RB,3.395091088,2.287994056,4.580043314,55
David Njoku,CLE,TE,3.311543014,2.9395,3.707031125,29
Demarcus Robinson,KC,WR,3.252779799,2.6455,3.854525198,81
Tavarres King,NYG,WR,3.235217525,1.970668648,4.5173907,82
Jermaine Gresham,ARI,TE,3.232251559,1.970668648,4.040384939,30
Tanner Gentry,CHI,WR,3.186723722,2.4805,3.735243465,83
Kamar Aiken,IND,WR,3.170483275,2.410668648,3.723071512,84
Brice Butler,DAL,WR,3.160353286,2.115334324,4.038512209,85
Antonio Gates,LAC,TE,3.158485664,2.005334324,3.845340798,31
C.J. Prosise,SEA,RB,3.149587321,1.802659733,4.339024154,56
Tyler Higbee,LAR,TE,3.139655252,1.472168648,4.213793449,32
Brandon Coleman,NO,WR,3.115096799,2.33,3.693541858,86
Andre Ellington,ARI,RB,3.069161769,0.86,4.984112417,57
Seth DeValve,CLE,TE,3.030218548,2.35,3.430720932,33
Shane Vereen,NYG,RB,3.028836416,2.05,3.63599104,58
Mike Williams,LAC,WR,3.022185614,1.962,3.82642267,87
Trent Taylor,SF,WR,3.00297618,1.005002972,4.039812158,88
Elijah McGuire,NYJ,RB,2.995989918,1.564,4.315356418,59
Tavon Austin,LAR,WR,2.974420766,2.259,3.667058111,90
Cordarrelle Patterson,OAK,WR,2.944179077,2.350837296,3.314957703,91
Jonnu Smith,TEN,TE,2.937457078,1.511,4.253039533,34
Jordan Taylor,DEN,WR,2.935427131,0.273,4.391178683,92
Michael Campanaro,BAL,WR,2.917932949,2.231668648,3.624659884,93
Rashard Higgins,CLE,WR,2.907676613,1.974,3.313168207,94
Russell Shepard,CAR,WR,2.876502826,1.970668648,3.643591793,95
Leonte Carroo,MIA,WR,2.8755441,1.996,3.5611281,96
Aldrick Robinson,SF,WR,2.782976612,2.256,3.02043282,98
Jeremy Hill,CIN,RB,2.77791636,1.77332838,3.673712004,60
DeAndre Washington,OAK,RB,2.741979066,1.802659733,3.726598003,61
Chris Moore,BAL,WR,2.652799386,2.047,3.095141601,99
Charles Sims,TB,RB,2.644785719,1.04,3.391674492,62
John Ross,CIN,WR,2.578790471,2.397,2.729010654,100
Dion Sims,CHI,TE,2.473233526,2.24,2.665460484,35
DeAnthony Thomas,KC,WR,2.471432113,0.776002972,3.482023256,101
Gerald Everett,LAR,TE,2.408473137,1.975668648,2.938436628,36
Damien Williams,MIA,RB,2.345876242,1.302659733,3.368348052,63
Tre McBride,CHI,WR,2.329720544,1.196,3.108952239,102
Kasen Williams,CLE,WR,2.326126739,1.506,2.738481743,103
Alex Erickson,CIN,WR,2.240777415,1.667,2.629477317,104
Jeff Heuerman,DEN,TE,2.228832328,1.325,3.078606102,37
Luke Willson,SEA,TE,2.209019953,1.447,2.82745494,38
Garrett Celek,SF,TE,2.16618425,1.378,2.618323837,39
Jarius Wright,MIN,WR,2.134937192,1.621991085,2.415725581,105
Jacquizz Rodgers,TB,RB,2.096716947,1.86,2.3339745,64
Travis Rudolph,NYG,WR,2.0925,1.915,2.199,106
Nick Boyle,BAL,TE,2.092174803,1.491668648,2.383773837,40
Demetrius Harris,KC,TE,2.090705581,1.218,2.865989823,41
Bryce Treggs,CLE,WR,2.07,2.07,2.07,107
O.J. Howard,TB,TE,2.069981827,0.975168648,2.744449855,42
Alfred Morris,DAL,RB,1.966693766,0.802659733,2.600770058,65
Virgil Green,DEN,TE,1.959047575,0.985334324,2.487545553,43
Kyle Juszczyk,SF,RB,1.943319209,0,2.390148936,66
Trey Burton,PHI,TE,1.91614533,0.985334324,2.727747093,44
Darren McFadden,DAL,RB,1.91,0,1.536328488,67
Michael Hoomanawanui,NO,TE,1.89420865,1.491991085,2.300661628,45
Kaelin Clay,BUF,WR,1.885223538,0.680668648,2.736953198,108
Austin Ekeler,LAC,RB,1.874289296,0.49,2.819548936,68
Justin Hardy,ATL,WR,1.869158668,1.185,2.452046804,109
James Conner,PIT,RB,1.817851632,0.956002972,2.319566891,69
Chester Rogers,IND,WR,1.808307378,1.267,2.081984174,110
Jaelen Strong,FA,WR,1.733778603,0.689,2.333112791,112
C.J. Spiller,KC,RB,1.727961688,0.372659733,2.692376595,70
Branden Oliver,LAC,RB,1.688219688,0.817325409,2.463630457,71
Kenyan Drake,MIA,RB,1.654651043,1.052659733,2.11829741,72
Tommylee Lewis,NO,WR,1.648203566,0.217,2.469209302,113
Phillip Supernaw,TEN,TE,1.634423477,0.583,2.237569477,46
Rhett Ellison,NYG,TE,1.61177024,0.922,2.372949622,47
Josh Bellamy,CHI,WR,1.574569661,0.46,1.971001685,114
C.J. Uzomah,CIN,TE,1.545518574,0.34,2.301556839,48
Jakeem Grant,MIA,WR,1.519131796,1.06,1.745094388,115
Kenjon Barner,PHI,RB,1.496748562,-0.182674591,2.650068605,73
Akeem Hunt,KC,RB,1.4775,1.055,1.731,74
Justin Hunter,PIT,WR,1.466196137,0,1.629398176,116
Samaje Perine,WAS,RB,1.462626414,0.599316493,2.48522936,75
Jerell Adams,NYG,TE,1.441956909,0.733,1.848647965,49
Vance McDonald,PIT,TE,1.409626739,1.29,1.49294922,50
Geronimo Allison,GB,WR,1.400505577,0.495334324,2.177160901,117
Corey Clement,PHI,RB,1.385036911,0.32,2.121184154,76
Troy Niklas,ARI,TE,1.364624743,0.871,1.638025816,51
Brandon Tate,BUF,WR,1.347516944,0.226002972,2.414809884,118
Malcolm Brown,LAR,RB,1.334463714,0.817325409,1.734618299,77
Kerwynn Williams,ARI,RB,1.330140544,0.802659733,1.842406514,78
Corey Grant,JAC,RB,1.329132794,0.587325409,1.909301744,79
T.J. Yeldon,JAC,RB,1.32,0,1.061755814,80
ArDarius Stewart,NYJ,WR,1.2365,0.91,1.4324,119
Benny Cunningham,CHI,RB,1.196283194,0.226,1.986617178,81
Matt Jones,IND,RB,1.193748488,0.68,1.4773185,82
Marvin Hall,ATL,WR,1.17,0,0.941101744,120
Ed Eagan,NYG,WR,1.165,1.165,1.165,121
Lance Kendricks,GB,TE,1.145939079,0.713,1.394293314,52
Chris Godwin,TB,WR,1.1415,0.72,1.3944,122
J.D. McKissic,SEA,WR,1.08,1.08,1.08,123
Dwayne Allen,NE,TE,1.071410104,0.915,1.161134302,53
Logan Thomas,BUF,TE,1.070065379,0.746,1.255964535,54
Eli Rogers,PIT,WR,0.9975,-0.03,1.614,124
J.D. McKissic,SEA,RB,0.992,0.992,0.992,83
Cody Core,CIN,WR,0.936872214,0.69,1.091697568,125
Pharoh Cooper,LAR,WR,0.883200717,-0.095349183,1.517952616,126
Dontrelle Inman,LAC,WR,0.862140719,0.14,1.528322674,127
Sammie Coates,CLE,WR,0.82033581,0.782,0.842327035,128
Phillip Dorsett,NE,WR,0.808779434,0.625334324,0.954855319,129
Brent Celek,PHI,TE,0.804302281,0.5,0.979474406,55
Amara Darboh,SEA,WR,0.780864257,0.3515,1.222142853,130
Chris Matthews,BAL,WR,0.78,0,0.624,131
Stacy Coley,MIN,WR,0.765373239,0.0405,1.329481454,132
Marcus Johnson,PHI,WR,0.764,0.54,0.8984,133
Max McCaffrey,JAC,WR,0.740802377,0.447,0.925059878,134
Rodney Adams,MIN,WR,0.731089153,0.077,1.141299696,135
Mack Hollins,PHI,WR,0.727260472,0.43,0.897259876,136
DeAngelo Henderson,DEN,RB,0.723,0.723,0.723,84
Vince Mayle,BAL,WR,0.706032927,0.636,0.773099416,137
Cameron Artis-Payne,CAR,RB,0.702142707,0.598,0.759902614,85
James Hanna,DAL,TE,0.694,0.694,0.694,56
Adam Shaheen,CHI,TE,0.686,0.686,0.686,57
James OShaughnessy,FA,TE,0.640861813,0.24,0.892261398,58
Ben Koyack,JAC,TE,0.640473997,0.42,0.778743769,59
Paul Perkins,NYG,RB,0.64,0,0.514790698,86
Raheem Mostert,SF,RB,0.638,0.19,0.9068,87
Brian Quick,WAS,WR,0.629226539,0.285334324,0.838831395,138
Johnny Holton,OAK,WR,0.61513373,0.265,0.815986919,139
Josh Hill,NO,TE,0.611659733,0.18,0.882374164,60
Aaron Ripkowski,GB,RB,0.605618755,0.31,0.934044071,88
Austin Carr,NO,WR,0.595,0.595,0.595,140
Terron Ward,ATL,RB,0.571,0.571,0.571,89
David Morgan,MIN,TE,0.560777117,0.222,0.773240426,61
Jeremy Sprinkle,WAS,TE,0.558716196,0.305,0.717833739,62
Josh Malone,CIN,WR,0.549365527,0.368,0.663108511,141
Terrell Watson,PIT,RB,0.524365247,0,1.03009817,90
Tanner McEvoy,SEA,WR,0.514184623,0.19,0.688227639,142
Josh Reynolds,LAR,WR,0.513965825,0.337,0.624949544,143
Jamaal Williams,GB,RB,0.507795476,0.031991085,0.770143465,91
Kyle Sloter,MIN,QB,0.5024,0.5024,0.5024,31
Ross Travis,KC,TE,0.499013373,0.368,0.581178116,63
Arrelious Benn,JAC,WR,0.480912176,0.19,0.698277204,144
Nick Williams,ATL,WR,0.479123328,0.29,0.587613372,145
Clive Walford,OAK,TE,0.474931649,0.45,0.490567477,64
Richard Rodgers,GB,TE,0.454320951,0.271,0.569290274,65
Jamize Olawale,OAK,RB,0.450138715,0.315334324,0.552397568,92
Matthew Dayes,CLE,RB,0.449490005,0.16,0.679075375,93
Bobby Rainey,BAL,RB,0.436369239,0,0.785087835,94
Blake Bell,MIN,TE,0.435240713,0.38,0.469884802,66
Brandon Williams,IND,TE,0.434306092,0.36,0.480906991,67
Levine Toilolo,ATL,TE,0.419316493,0.17,0.575674772,68
Randall Telfer,CLE,TE,0.40656315,0.19,0.542380243,69
Patrick DiMarco,BUF,RB,0.395422156,0.16,0.589444985,95
Derek Carrier,LAR,TE,0.389589896,0.24,0.483404863,70
Anthony Fasano,MIA,TE,0.387325409,0.27,0.460905775,71
Lance Dunbar,LAR,RB,0.38,0,0.305656977,96
Justin Davis,LAR,RB,0.377102526,0.25,0.45681459,97
Andre Roberts,ATL,WR,0.374129718,-0.043997028,0.579126163,147
Jalston Fowler,TEN,RB,0.372798247,0.025334324,0.520959884,98
Shelton Gibson,PHI,WR,0.37,0,0.297613372,148
Ifeanyi Momah,ARI,TE,0.369827637,0.286,0.417915116,72
Ryan Switzer,DAL,WR,0.368413159,0.090668648,0.565545897,149
Bernard Reedy,TB,WR,0.3645,0.22,0.4512,150
Trey Edmunds,NO,RB,0.361,0.04,0.5536,99
Rod Smith,DAL,RB,0.3555,0.321,0.3762,100
Eric Tomlinson,NYJ,TE,0.353,0.353,0.353,73
Chad Hansen,NYJ,WR,0.350115761,0.153,0.53831398,151
Neal Sterling,FA,TE,0.35,0,0.281526163,74
C.J. Ham,MIN,RB,0.343556879,0,0.620040423,101
Jehu Chesson,KC,WR,0.342127737,0.225334324,0.403174419,152
Nick Vannett,SEA,TE,0.341904903,0.25,0.399542857,75
Tommy Bohanon,JAC,RB,0.33731055,0,0.548854103,102
Daniel Brown,CHI,TE,0.331,0.331,0.331,76
Brian Hill,FA,RB,0.33,0,0.265438953,103
Geoff Swaim,DAL,TE,0.323112927,0.295,0.339239826,77
Darius Jennings,NYJ,WR,0.323,0.323,0.323,153
James Develin,NE,RB,0.321844311,0.18,0.456977508,104
Peyton Barber,TB,RB,0.32,0,0.257395349,105
Eric Weems,TEN,WR,0.315797398,0.01,0.639707275,154
Travaris Cadet,NYJ,RB,0.31,0,0.249351744,106
D.J. Foster,ARI,RB,0.3,0,0.24130814,107
Paxton Lynch,DEN,QB,0.298,0,0.239699419,32
Dan Vitale,CLE,RB,0.297986627,0.1,0.422153495,108
MarQueis Gray,MIA,TE,0.29577266,0.22,0.343293313,78
David Fluellen,TEN,RB,0.293774146,0.24,0.32749848,109
Taiwan Jones,BUF,RB,0.292745914,0.15,0.334542249,110
Cody Latimer,DEN,WR,0.29,0,0.233264535,155
Joe Callahan,GB,QB,0.286808915,0.024,0.451628936,33
Quan Bray,IND,WR,0.2845,0.12,0.3832,156
Xavier Grimble,PIT,TE,0.284306092,0.21,0.330906991,79
Cody Kessler,CLE,QB,0.276137593,0.076,0.401653435,34
Ifeanyi Momah,ARI,WR,0.27,0.27,0.27,157
KaDeem Carey,FA,RB,0.27,0,0.217177326,111
Darrius Heyward-Bey,PIT,WR,0.267827345,0.02,0.397475,158
Noah Brown,DAL,WR,0.263120357,0,0.31844186,159
Eric Saubert,ATL,TE,0.26164636,0.232,0.278652907,80
Tre Madden,SEA,RB,0.259093611,0,0.421583587,112
Ryan Fitzpatrick,TB,QB,0.25392214,0.154,0.316588085,35
Sean Mannion,LAR,QB,0.250438039,0.024,0.392448146,36
Brittan Golden,ARI,WR,0.249065379,0.23,0.261022188,160
Victor Bolden,SF,WR,0.244,-0.09,0.4444,161
Niles Paul,WAS,TE,0.242282318,0.145,0.303292705,81
Nathan Peterman,BUF,QB,0.23635899,0.024,0.369539453,37
Nick Foles,PHI,QB,0.235476374,0.116,0.310405714,38
Joe Webb,BUF,QB,0.235292125,0.02,0.370312097,39
Jim Dray,FA,TE,0.23,0,0.185002907,82
Brian Hoyer,SF,QB,0.228968796,0.096,0.312359878,40
EJ Manuel,OAK,QB,0.228771768,0.074,0.325836535,41
Luke Stocker,TB,TE,0.226175334,0.19,0.248862614,83
Daniel Lasco,NO,RB,0.22,0,0.176959302,113
Jimmy Garoppolo,NE,QB,0.215295097,0.044,0.322722432,42
Ryan Hewitt,CIN,TE,0.21,0,0.168915698,84
Landry Jones,PIT,QB,0.209624368,0.044,0.313495319,43
Mike Glennon,CHI,QB,0.205857355,0.068,0.292314286,44
Lee Smith,OAK,TE,0.205643388,0.19,0.215454103,85
Sean McGrath,LAC,TE,0.204528975,0.14,0.244998176,86
Geno Smith,NYG,QB,0.199980981,0.05,0.286086809,45
Patrick Mahomes,KC,QB,0.1956,0.1956,0.1956,46
Andy Janovich,DEN,RB,0.19288123,0.09,0.270641031,114
Zach Line,NO,RB,0.188893016,0.125,0.225545058,115
Scott Tolzien,IND,QB,0.187812779,0.048,0.275496049,47
Roosevelt Nix,PIT,RB,0.185945022,0.03,0.283745593,116
Geremy Davis,FA,WR,0.18,0,0.144784884,162
Trevor Davis,GB,WR,0.17927644,0.105334324,0.222931395,163
Derek Watt,LAC,RB,0.177598795,0.085334324,0.274555623,117
Logan Paulsen,SF,TE,0.17,0,0.136741279,87
Matt Moore,MIA,QB,0.169699257,0.06,0.2384969,48
Elijhaa Penny,ARI,RB,0.169632987,0,0.276017933,118
Anthony Sherman,KC,RB,0.164447106,0.144,0.184772036,119
Jeff Janis,GB,WR,0.155097797,-0.014665676,0.245731307,164
Blaine Gabbert,ARI,QB,0.146,0,0.117436628,49
Jacob Hollister,NE,TE,0.144,0.144,0.144,88
Chris Manhertz,CAR,TE,0.118791976,0,0.193292097,89
Brock Osweiler,DEN,QB,0.114396731,0.066,0.144748632,50
Keith Smith,DAL,RB,0.11,0.11,0.11,120
Bryce Petty,NYJ,QB,0.095571471,0.068,0.112862857,51
Chad Henne,JAC,QB,0.095079643,0.024,0.139657082,52
Ryan Mallett,BAL,QB,0.092077563,0.056,0.114703526,53
Austin Davis,SEA,QB,0.089180386,0.062,0.098272097,54
AJ McCarron,CIN,QB,0.071893611,0.0676,0.074356628,55
Kellen Moore,DAL,QB,0.071036553,0.02,0.103044012,56
Colt McCoy,WAS,QB,0.061526895,0.032,0.08004462,57
Matt Schaub,ATL,QB,0.058061813,0.052,0.061863465,58
Matt Cassel,TEN,QB,0.05553997,0.0216,0.075009535,59
Chase Daniel,NO,QB,0.048247251,0.024,0.06345386,60
Drew Stanton,ARI,QB,0.045616048,0.02,0.061681094,61
Matthew Slater,NE,WR,0.044983034,0,0.09527538,165
Derek Anderson,CAR,QB,0.036,0.02,0.032869767,62
Cardale Jones,LAC,QB,0.008,0,0.006434884,63
Cooper Rush,DAL,QB,0.004,0,0.003217442,64
Donnie Avery,FA,WR,0,0,0,166
Andre Caldwell,FA,WR,0,0,0,166
Harry Douglas,TEN,WR,0,0,0,166
Jerome Felton,FA,RB,0,0,0,121
Chris Johnson,FA,RB,0,0,0,121
Steve Johnson,FA,WR,0,0,0,166
Justin Forsett,FA,RB,0,0,0,121
Gary Barnidge,FA,TE,0,0,0,90
Danny Woodhead,BAL,RB,0,0,0,121
Tim Hightower,FA,RB,0,0,0,121
Marcel Reece,FA,RB,0,0,0,121
Rashad Jennings,FA,RB,0,0,0,121
Jordan Norwood,FA,WR,0,0,0,166
John Phillips,NO,TE,0,0,0,90
David Johnson,FA,TE,0,0,0,90
Cedric Peerman,CIN,RB,0,0,0,121
Mark Sanchez,CHI,QB,0,0,0,65
Brandon Gibson,NE,WR,0,0,0,166
Brandon Myers,FA,TE,0,0,0,90
Antone Smith,FA,RB,0,0,0,121
Will Johnson,NYG,RB,0,0,0,121
Julian Edelman,NE,WR,0,0,0,166
Sam Bradford,MIN,QB,0,0,0,65
Ryan Mathews,FA,RB,0,0,0,121
Dexter McCluster,FA,WR,0,0,0,166
James Starks,FA,RB,0,0,0,121
Clay Harbor,NO,TE,0,0,0,90
Dennis Pitta,FA,TE,0,0,0,90
Marcus Easley,BUF,WR,0,0,0,166
Marc Mariani,FA,WR,0,0,0,166
Charles Clay,BUF,TE,0,0,0,90
Dwayne Harris,NYG,WR,0,0,0,166
Colin Kaepernick,FA,QB,0,0,0,65
Matt Asiata,FA,RB,0,0,0,121
Shaun Draughn,FA,RB,0,0,0,121
Stevan Ridley,FA,RB,0,0,0,121
Greg Olsen,CAR,TE,0,0,0,90
Brandon Marshall,NYG,WR,0,0,0,166
DeAngelo Williams,FA,RB,0,0,0,121
David Ausberry,FA,TE,0,0,0,90
Shayne Graham,FA,K,0,0,0,31
Sebastian Janikowski,OAK,K,0,0,0,31
Shaun Hill,FA,QB,0,0,0,65
Tony Romo,FA,QB,0,0,0,65
Anquan Boldin,FA,WR,0,0,0,166
Luke McCown,FA,QB,0,0,0,65
John Kuhn,FA,RB,0,0,0,121
Aaron Rodgers,GB,QB,0,0,0,65
Mike Nugent,FA,K,0,0,0,31
Vincent Jackson,FA,WR,0,0,0,166
Darren Sproles,PHI,RB,0,0,0,121
Kellen Clemens,LAC,QB,0,0,0,65
Nick Folk,FA,K,0,0,0,31
Dan Carpenter,FA,K,0,0,0,31
Kellen Davis,FA,TE,0,0,0,90
Victor Cruz,FA,WR,0,0,0,166
Jeff Cumberland,FA,TE,0,0,0,90
Andrew Hawkins,FA,WR,0,0,0,166
Jeremy Ross,FA,WR,0,0,0,166
DuJuan Harris,FA,RB,0,0,0,121
Brandon Bolden,NE,RB,0,0,0,121
Ladarius Green,FA,TE,0,0,0,90
Ryan Tannehill,MIA,QB,0,0,0,65
Brandon Weeden,TEN,QB,0,0,0,65
Andrew Luck,IND,QB,0,0,0,65
Robert Griffin,FA,QB,0,0,0,65
Justin Blackmon,FA,WR,0,0,0,166
Cory Harkey,FA,TE,0,0,0,90
Ronnie Hillman,FA,RB,0,0,0,121
Robert Turbin,IND,RB,0,0,0,121
Rueben Randle,FA,WR,0,0,0,166
Austin Johnson,FA,RB,0,0,0,121
Jonathan Grimes,FA,RB,0,0,0,121
Daryl Richardson,FA,RB,0,0,0,121
Alex Tanney,FA,QB,0,0,0,65
Derrick Coleman,ATL,RB,0,0,0,121
Matt Simms,FA,QB,0,0,0,65
Greg Scruggs,NE,TE,0,0,0,90
Joe Banyard,BUF,RB,0,0,0,121
Dominique Jones,FA,TE,0,0,0,90
Brenton Bersin,CAR,WR,0,0,0,166
Cooper Helfet,OAK,TE,0,0,0,90
Brandon Bostick,FA,TE,0,0,0,90
Josh Gordon,CLE,WR,0,0,0,166
Larry Donnell,FA,TE,0,0,0,90
Chris Gragg,NYJ,TE,0,0,0,90
Cobi Hamilton,FA,WR,0,0,0,166
Dustin Hopkins,WAS,K,0,0,0,31
Quinton Patton,FA,WR,0,0,0,166
Denard Robinson,FA,RB,0,0,0,121
Matt Barkley,FA,QB,0,0,0,65
Stepfan Taylor,FA,RB,0,0,0,121
Christine Michael,IND,RB,0,0,0,121
Caleb Sturgis,PHI,K,0,0,0,31
Ryan Nassib,FA,QB,0,0,0,65
Mychal Rivera,JAC,TE,0,0,0,90
Marlon Brown,DEN,WR,0,0,0,166
Fozzy Whittaker,CAR,RB,0,0,0,121
Tyler Eifert,CIN,TE,0,0,0,90
Stedman Bailey,FA,WR,0,0,0,166
Tyler Bray,KC,QB,0,0,0,65
Knile Davis,FA,RB,0,0,0,121
Josh Boyce,FA,WR,0,0,0,166
Spencer Ware,KC,RB,0,0,0,121
Gavin Escobar,FA,TE,0,0,0,90
Corey Fuller,NO,WR,0,0,0,166
Charles Johnson,CAR,WR,0,0,0,166
Ryan Griffin,TB,QB,0,0,0,65
Brian Leonhardt,OAK,TE,0,0,0,90
Frankie Hammond,FA,WR,0,0,0,166
Eric Rogers,FA,WR,0,0,0,166
George Winn,NYG,RB,0,0,0,121
Rashad Ross,FA,WR,0,0,0,166
Khiry Robinson,FA,RB,0,0,0,121
Jordan Gay,FA,K,0,0,0,31
Matt McGloin,FA,QB,0,0,0,65
Teddy Bridgewater,MIN,QB,0,0,0,65
Jace Amaro,FA,TE,0,0,0,90
Odell Beckham,NYG,WR,0,0,0,166
Tre Mason,FA,RB,0,0,0,121
Allen Robinson,JAC,WR,0,0,0,166
Andre Williams,LAC,RB,0,0,0,121
Storm Johnson,FA,RB,0,0,0,121
Aaron Murray,FA,QB,0,0,0,65
Dri Archer,FA,RB,0,0,0,121
Zach Mettenberger,FA,QB,0,0,0,65
Walt Powell,FA,WR,0,0,0,166
Tyler Gaffney,JAC,RB,0,0,0,121
Terrance West,BAL,RB,0,0,0,121
Bishop Sankey,MIN,RB,0,0,0,121
Kevin Norwood,NYG,WR,0,0,0,166
Lorenzo Taliaferro,FA,RB,0,0,0,121
Josh Huff,FA,WR,0,0,0,166
Zach Hocker,FA,K,0,0,0,31
Matt Hazel,IND,WR,0,0,0,166
Crockett Gillmore,FA,TE,0,0,0,90
Quincy Enunwa,NYJ,WR,0,0,0,166
Isaiah Burse,LAC,WR,0,0,0,166
Jeremy Butler,BUF,WR,0,0,0,166
Jonathan Krause,FA,WR,0,0,0,166
Freddie Martino,FA,WR,0,0,0,166
Justin Perillo,FA,TE,0,0,0,90
Connor Shaw,FA,QB,0,0,0,65
Juwan Thompson,FA,RB,0,0,0,121
Charcandrick West,KC,RB,0,0,0,121
Seantavius Jones,FA,WR,0,0,0,166
Stephen Morris,FA,QB,0,0,0,65
Asante Cleveland,LAC,TE,0,0,0,90
Javontee Herndon,FA,WR,0,0,0,166
Antonio Andrews,FA,RB,0,0,0,121
George Atkinson,FA,RB,0,0,0,121
Kapri Bibbs,FA,RB,0,0,0,121
Philly Brown,FA,WR,0,0,0,166
Darrin Reaves,FA,RB,0,0,0,121
RaShaun Allen,SEA,TE,0,0,0,90
Senorise Perry,MIA,RB,0,0,0,121
Cairo Santos,FA,K,0,0,0,31
Fitzgerald Toussaint,FA,RB,0,0,0,121
Glenn Winston,CLE,RB,0,0,0,121
Jerome Cunningham,FA,TE,0,0,0,90
Garrett Grayson,FA,QB,0,0,0,65
David Cobb,FA,RB,0,0,0,121
Jeremy Langford,BAL,RB,0,0,0,121
Karlos Williams,FA,RB,0,0,0,121
MyCole Pruitt,FA,TE,0,0,0,90
DeVante Parker,MIA,WR,0,0,0,166
Dezmin Lewis,FA,WR,0,0,0,166
Keith Mumphery,FA,WR,0,0,0,166
Kenny Bell,BAL,WR,0,0,0,166
Rashad Greene,JAC,WR,0,0,0,166
Gerald Christian,FA,TE,0,0,0,90
DaRon Brown,KC,WR,0,0,0,166
Dorial Green-Beckham,FA,WR,0,0,0,166
Breshad Perriman,BAL,WR,0,0,0,166
Stefon Diggs,MIN,WR,0,0,0,166
Marcus Murphy,FA,RB,0,0,0,121
Mario Alford,FA,WR,0,0,0,166
Chris Conley,KC,WR,0,0,0,166
Jason Myers,FA,K,0,0,0,31
Kennard Backman,FA,TE,0,0,0,90
David Johnson,ARI,RB,0,0,0,121
Mike Davis,FA,RB,0,0,0,121
Rory Anderson,SF,TE,0,0,0,90
Damiere Byrd,CAR,WR,0,0,0,166
John Crockett,FA,RB,0,0,0,121
Matt Lengel,FA,TE,0,0,0,90
Cameron Meredith,CHI,WR,0,0,0,166
Andrew Franks,FA,K,0,0,0,31
Chris Harper,FA,WR,0,0,0,166
Jordan Leslie,CLE,WR,0,0,0,166
Wes Saxton,WAS,TE,0,0,0,90
Rannell Hall,CLE,WR,0,0,0,166
Bradley Marquez,LAR,WR,0,0,0,166
E.J. Bibbs,FA,TE,0,0,0,90
Mike Meyer,FA,K,0,0,0,31
Mack Brown,WAS,RB,0,0,0,121
Donteea Dye,FA,WR,0,0,0,166
Malcolm Mitchell,NE,WR,0,0,0,166
Jonathan Williams,FA,RB,0,0,0,121
Kenneth Dixon,BAL,RB,0,0,0,121
Jeff Driskel,CIN,QB,0,0,0,65
Kevin Hogan,CLE,QB,0,0,0,65
Connor Cook,OAK,QB,0,0,0,65
Corey Coleman,CLE,WR,0,0,0,166
Kolby Listenbee,FA,WR,0,0,0,166
Keenan Reynolds,FA,WR,0,0,0,166
Aaron Burbridge,SF,WR,0,0,0,166
Brandon Allen,LAR,QB,0,0,0,65
Jordan Payton,FA,WR,0,0,0,166
Roberto Aguayo,FA,K,0,0,0,31
Christian Hackenberg,NYJ,QB,0,0,0,65
Nate Sudfeld,WAS,QB,0,0,0,65
Keith Marshall,WAS,RB,0,0,0,121
Kelvin Taylor,FA,RB,0,0,0,121
Demarcus Ayers,FA,WR,0,0,0,166
Tyler Boyd,CIN,WR,0,0,0,166
Kenny Lawler,FA,WR,0,0,0,166
Charone Peake,NYJ,WR,0,0,0,166
Thomas Duarte,MIA,TE,0,0,0,90
Temarrick Hemingway,LAR,TE,0,0,0,90
Beau Sandland,FA,TE,0,0,0,90
Daniel Braverman,FA,WR,0,0,0,166
Devin Lucien,FA,WR,0,0,0,166
Devin Fuller,ATL,WR,0,0,0,166
Moritz Boehringer,FA,WR,0,0,0,166
Darius Jackson,CLE,RB,0,0,0,121
Rico Gathers,DAL,TE,0,0,0,90
Zac Brooks,FA,RB,0,0,0,121
Mekale McKay,FA,WR,0,0,0,166
Maurice Harris,WAS,WR,0,0,0,166
Josh Ferguson,IND,RB,0,0,0,121
Joe Kerridge,GB,RB,0,0,0,121
Joshua Perkins,FA,TE,0,0,0,90
Brandon Wilds,FA,RB,0,0,0,121
Jace Billingsley,FA,WR,0,0,0,166
Trevone Boykin,FA,QB,0,0,0,65
Ben Braunecker,FA,TE,0,0,0,90
Tra Carson,CIN,RB,0,0,0,121
Alan Cross,TB,RB,0,0,0,121
Alan Cross,TB,TE,0,0,0,90
Aaron Green,FA,RB,0,0,0,121
Glenn Gronkowski,FA,RB,0,0,0,121
Don Jackson,FA,RB,0,0,0,121
Andy Jones,FA,WR,0,0,0,166
Marshall Koehn,FA,K,0,0,0,31
Jalin Marshall,FA,WR,0,0,0,166
Marquez North,FA,WR,0,0,0,166
Jhurell Pressley,FA,RB,0,0,0,121
Kalif Raymond,FA,WR,0,0,0,166
Rashawn Scott,MIA,WR,0,0,0,166
Joel Stave,FA,QB,0,0,0,65
Brandon Burks,FA,RB,0,0,0,121
Chris Hubert,ARI,WR,0,0,0,166
Kenneth Farrow,LAC,RB,0,0,0,121
Ryan OMalley,OAK,TE,0,0,0,90
Dom Williams,PHI,WR,0,0,0,166
Byron Marshall,FA,WR,0,0,0,166
Keyarris Garrett,FA,WR,0,0,0,166
Devon Johnson,FA,RB,0,0,0,121
Jake Lampman,FA,WR,0,0,0,166
Troymaine Pope,FA,RB,0,0,0,121
Corey Davis,TEN,WR,0,0,0,166
Jake Butt,DEN,TE,0,0,0,90
Chad Kelly,DEN,QB,0,0,0,65
Jordan Leggett,NYJ,TE,0,0,0,90
Davis Webb,NYG,QB,0,0,0,65
Joe Williams,SF,RB,0,0,0,121
Jeremy McNichols,FA,RB,0,0,0,121
Dalvin Cook,MIN,RB,0,0,0,121
Carlos Henderson,DEN,WR,0,0,0,166
Bucky Hodges,FA,TE,0,0,0,90
Isaiah Ford,MIA,WR,0,0,0,166
Malachi Dupre,FA,WR,0,0,0,166
Elijah Hood,OAK,RB,0,0,0,121
Isaiah McKenzie,DEN,WR,0,0,0,166
Joshua Dobbs,PIT,QB,0,0,0,65
Sam Rogers,FA,RB,0,0,0,121
Robert Davis,FA,WR,0,0,0,166
T.J. Logan,ARI,RB,0,0,0,121
Brandon Wilson,FA,RB,0,0,0,121
Mo Alie-Cox,FA,TE,0,0,0,90
Devante Mays,GB,RB,0,0,0,121
Donnel Pumphrey,PHI,RB,0,0,0,121
David Moore,FA,WR,0,0,0,166
Marquez Williams,FA,RB,0,0,0,121
Khalfani Muhammad,TEN,RB,0,0,0,121
Mason Schreck,CIN,TE,0,0,0,90
Chris Carson,SEA,RB,0,0,0,121
Quincy Adeboyejo,FA,WR,0,0,0,166
Keon Hatcher,OAK,WR,0,0,0,166
Taquan Mizzell,CHI,RB,0,0,0,121
Fred Ross,CAR,WR,0,0,0,166
Travin Dural,NO,WR,0,0,0,166
Devine Redding,FA,RB,0,0,0,121
Sean Culkin,LAC,TE,0,0,0,90
Amba Etta-Tawo,FA,WR,0,0,0,166
Younghoe Koo,FA,K,0,0,0,31
Brandon Reilly,BUF,WR,0,0,0,166
Shane Smith,NYG,RB,0,0,0,121
Krishawn Hogan,IND,WR,0,0,0,166
Dare Ogunbowale,FA,RB,0,0,0,121
Lance Lenoir,FA,WR,0,0,0,166